dataset,n_series,mase,wql,time_s,freq,prediction_length
monash_traffic,862,0.8754408765614559,0.24240984747304678,15.649901625001803,H,24
monash_weather,3010,0.5556505504547392,0.1386727883448938,32.6099609999801,D,30
monash_car_parts,2674,0.3818283671302883,1.2604247350422155,4.695219916990027,M,12
